{
  "dimension": 12,
  "id": "2a1fe4feff8d79e0-Z",
  "timestamps": [
    1675012361452,
    1675012661446,
    1675012961519,
    1675013261599,
    1675013561706,
    1675013861819,
    1675014161827,
    1675014461942,
    1675014761971,
    1675015062071,
    1675015362095,
    1675015662133
  ],
  "valueNameList": [
    "AccelerationPeakX",
    "AccelerationRmsX",
    "SpeedPeakX",
    "SpeedRmsX",
    "AccelerationPeakY",
    "AccelerationRmsY",
    "SpeedPeakY",
    "SpeedRmsY",
    "AccelerationPeakZ",
    "AccelerationRmsZ",
    "SpeedPeakZ",
    "SpeedRmsZ"
  ],
  "values": [
    [
      3.159999847412109,
      0.6823999881744385,
      1.138000011444092,
      0.3981999754905701,
      5.589999675750732,
      1.284099936485291,
      1.639999985694885,
      0.5148000121116638,
      7.46999979019165,
      2.309999942779541,
      2.129999876022339,
      0.8267999887466431
    ],
    [
      6.819999694824219,
      1.369499921798706,
      2.319999933242798,
      0.674299955368042,
      7.37999963760376,
      1.769999980926514,
      2.009999990463257,
      0.6067999601364136,
      15.23999977111816,
      4.819999694824219,
      2.899999856948853,
      0.8495000004768372
    ],
    [
      9.6899995803833,
      2.710000038146973,
      2.589999914169312,
      0.9603999853134155,
      13.73999977111816,
      4.279999732971191,
      2.480000019073486,
      0.750499963760376,
      21.75,
      8.359999656677246,
      2.5,
      0.8246999979019165
    ],
    [
      10.25,
      2.679999828338623,
      3.069999933242798,
      0.9424999952316284,
      15.05999946594238,
      4.190000057220459,
      2.549999952316284,
      0.7392999529838562,
      19.10999870300293,
      6.329999923706055,
      2.369999885559082,
      0.7996999621391296
    ],
    [
      9.969999313354492,
      2.679999828338623,
      2.559999942779541,
      0.8868999481201172,
      14.88000011444092,
      4.480000019073486,
      2.240000009536743,
      0.7245999574661255,
      15.82999992370605,
      5.509999752044678,
      2.769999980926514,
      0.9490000009536743
    ],
    [
      10.30000019073486,
      2.669999837875366,
      2.75,
      0.9469999670982361,
      13.38999938964844,
      4.440000057220459,
      2.809999942779541,
      1.006899952888489,
      15.96999931335449,
      5.019999980926514,
      3.379999876022339,
      1.078400015830994
    ],
    [
      4.069999694824219,
      0.9509999752044678,
      1.32859992980957,
      0.4154999852180481,
      6.399999618530273,
      1.462599992752075,
      1.71999990940094,
      0.6014999747276306,
      6.539999961853027,
      2.029999971389771,
      1.899999976158142,
      0.7595999836921692
    ],
    [
      4.539999961853027,
      0.9442999958992004,
      1.361799955368042,
      0.4580999910831451,
      5.869999885559082,
      1.448199987411499,
      1.649999976158142,
      0.5532000064849854,
      6.739999771118164,
      2.059999942779541,
      2.240000009536743,
      0.7210999727249146
    ],
    [
      4.0,
      0.9357999563217163,
      1.336599946022034,
      0.4752999842166901,
      6.259999752044678,
      1.486699938774109,
      1.34850001335144,
      0.5138999819755554,
      7.480000019073486,
      2.099999904632568,
      2.259999990463257,
      0.8105999827384949
    ],
    [
      4.179999828338623,
      0.8996999859809875,
      1.362599968910217,
      0.4995999932289124,
      6.369999885559082,
      1.467299938201904,
      1.388499975204468,
      0.5346999764442444,
      6.170000076293945,
      2.089999914169312,
      2.5,
      0.8046999573707581
    ],
    [
      3.779999971389771,
      0.8382999897003174,
      1.2846999168396,
      0.3987999856472015,
      5.730000019073486,
      1.416399955749512,
      1.669999957084656,
      0.566100001335144,
      8.710000038146973,
      2.089999914169312,
      2.099999904632568,
      0.6311999559402466
    ],
    [
      7.25,
      1.459100008010864,
      2.220000028610229,
      0.7058999538421631,
      8.039999961853027,
      1.799999952316284,
      2.329999923706055,
      0.6743999719619751,
      14.67999935150146,
      5.230000019073486,
      2.899999856948853,
      0.9806999564170837
    ]
  ]
}
